metric,value
customers,64000.0
max_absolute_randomization_smd,0.008630731202832915
holm_significant_effects_out_of_6,6.0
mens_email_visit_effect,0.07658956365153125
mens_email_conversion_effect,0.006805006519615695
mens_email_spend_effect,0.7698271558945368
womens_email_visit_effect,0.045233106587052985
womens_email_conversion_effect,0.003111057511085258
womens_email_spend_effect,0.4244122159365967
final_test_top30_visit_lift,0.08283799349699394
final_test_bottom70_visit_lift,0.03780403961730179
final_test_top_minus_bottom_visit,0.045033953879692154
final_test_visit_difference_ci_low,0.015850013465690108
final_test_visit_difference_ci_high,0.07432705249462243
bootstrap_fraction_top30_visit_exceeds_bottom70,0.9982
final_test_top_minus_bottom_spend,-0.485147645635423
final_test_spend_difference_ci_low,-1.4552809718814104
final_test_spend_difference_ci_high,0.46089445765055403
bootstrap_fraction_top30_spend_exceeds_bottom70,0.1628

