arm_a,arm_b,variable,smd,abs_smd
Mens E-Mail,No E-Mail,recency,0.006831532454259954,0.006831532454259954
Mens E-Mail,No E-Mail,history,0.00761286832154239,0.00761286832154239
Mens E-Mail,No E-Mail,mens,-0.0045823256374879625,0.0045823256374879625
Mens E-Mail,No E-Mail,womens,0.007588929691887142,0.007588929691887142
Mens E-Mail,No E-Mail,newbie,-0.0008918953696535328,0.0008918953696535328
Mens E-Mail,Womens E-Mail,recency,0.0016491266166754931,0.0016491266166754931
Mens E-Mail,Womens E-Mail,history,0.0011607131531366143,0.0011607131531366143
Mens E-Mail,Womens E-Mail,mens,0.004048365969302671,0.004048365969302671
Mens E-Mail,Womens E-Mail,womens,0.002642591605171676,0.002642591605171676
Mens E-Mail,Womens E-Mail,newbie,-0.0034485982907791336,0.0034485982907791336
No E-Mail,Womens E-Mail,recency,-0.005180013205688683,0.005180013205688683
No E-Mail,Womens E-Mail,history,-0.006510722458553667,0.006510722458553667
No E-Mail,Womens E-Mail,mens,0.008630731202832915,0.008630731202832915
No E-Mail,Womens E-Mail,womens,-0.004946313992582152,0.004946313992582152
No E-Mail,Womens E-Mail,newbie,-0.0025567009140795606,0.0025567009140795606

